{"Mean":{"confidence_interval":{"confidence_level":0.95,"lower_bound":2740166.3104470237,"upper_bound":2801085.7176402123},"point_estimate":2770590.020025132,"standard_error":15568.142657833387},"Median":{"confidence_interval":{"confidence_level":0.95,"lower_bound":2733100.803703704,"upper_bound":2820038.2666666666},"point_estimate":2756939.402857143,"standard_error":25223.43259211629},"MedianAbsDev":{"confidence_interval":{"confidence_level":0.95,"lower_bound":9361.850352793965,"upper_bound":90738.40128907106},"point_estimate":55012.122829839616,"standard_error":22693.668391732375},"Slope":{"confidence_interval":{"confidence_level":0.95,"lower_bound":2718171.2604779922,"upper_bound":2765410.8534313724},"point_estimate":2741656.9735930734,"standard_error":12081.262576024343},"StdDev":{"confidence_interval":{"confidence_level":0.95,"lower_bound":31553.739184527185,"upper_bound":64769.23943410996},"point_estimate":51879.793620368466,"standard_error":8618.849531151704}}