{"Mean":{"confidence_interval":{"confidence_level":0.95,"lower_bound":3296678.815528976,"upper_bound":3307410.2380621685},"point_estimate":3302180.601010251,"standard_error":2739.3829265085647},"Median":{"confidence_interval":{"confidence_level":0.95,"lower_bound":3296450.5890625,"upper_bound":3311560.076388889},"point_estimate":3301330.911458333,"standard_error":3423.0699818292132},"MedianAbsDev":{"confidence_interval":{"confidence_level":0.95,"lower_bound":771.1330213795825,"upper_bound":17049.259982869924},"point_estimate":7866.90711658448,"standard_error":4017.236406570021},"Slope":{"confidence_interval":{"confidence_level":0.95,"lower_bound":3299242.065144479,"upper_bound":3307406.1793856546},"point_estimate":3303070.562121212,"standard_error":2058.506166087774},"StdDev":{"confidence_interval":{"confidence_level":0.95,"lower_bound":4983.055364795909,"upper_bound":11948.084384468677},"point_estimate":9170.950671634697,"standard_error":1850.0542564948244}}