{"Mean":{"confidence_interval":{"confidence_level":0.95,"lower_bound":1010079.8213961041,"upper_bound":1015131.0586348176},"point_estimate":1013077.0919537209,"standard_error":1355.4542195393192},"Median":{"confidence_interval":{"confidence_level":0.95,"lower_bound":1012435.5073051949,"upper_bound":1015717.7012987013},"point_estimate":1013944.2006493506,"standard_error":816.882634137225},"MedianAbsDev":{"confidence_interval":{"confidence_level":0.95,"lower_bound":246.7660094827276,"upper_bound":3825.822757078093},"point_estimate":2189.50941749212,"standard_error":1068.3371539517009},"Slope":{"confidence_interval":{"confidence_level":0.95,"lower_bound":1013684.5879692447,"upper_bound":1015255.4703036702},"point_estimate":1014463.3388429752,"standard_error":401.367805932779},"StdDev":{"confidence_interval":{"confidence_level":0.95,"lower_bound":1028.4519751061855,"upper_bound":6770.721177745152},"point_estimate":4515.523148350576,"standard_error":1842.9782906692744}}