{"Mean":{"confidence_interval":{"confidence_level":0.95,"lower_bound":17018017.451759256,"upper_bound":17117681.77858465},"point_estimate":17067849.615171958,"standard_error":25528.2826059109},"Median":{"confidence_interval":{"confidence_level":0.95,"lower_bound":17002621.208333336,"upper_bound":17146849.203703705},"point_estimate":17063130.645833336,"standard_error":38783.15993960033},"MedianAbsDev":{"confidence_interval":{"confidence_level":0.95,"lower_bound":27646.47413417605,"upper_bound":144180.6111852777},"point_estimate":102445.86052872462,"standard_error":30062.55090999503},"Slope":{"confidence_interval":{"confidence_level":0.95,"lower_bound":17022592.975682087,"upper_bound":17123842.809183065},"point_estimate":17087620.403896105,"standard_error":25567.137742735093},"StdDev":{"confidence_interval":{"confidence_level":0.95,"lower_bound":50770.07265492114,"upper_bound":106103.0796524849},"point_estimate":85363.77065761942,"standard_error":14185.022957655736}}