{"Mean":{"confidence_interval":{"confidence_level":0.95,"lower_bound":16954677.310992066,"upper_bound":17040489.30111111},"point_estimate":17000097.330423277,"standard_error":22112.612540374033},"Median":{"confidence_interval":{"confidence_level":0.95,"lower_bound":16930085.87202381,"upper_bound":17056975.584259257},"point_estimate":17020561.659722224,"standard_error":29086.23790138113},"MedianAbsDev":{"confidence_interval":{"confidence_level":0.95,"lower_bound":13657.269707539202,"upper_bound":127961.45990822896},"point_estimate":61743.143595510126,"standard_error":28591.607208818823},"Slope":{"confidence_interval":{"confidence_level":0.95,"lower_bound":16962137.02246604,"upper_bound":17051850.0043616},"point_estimate":17018765.23809524,"standard_error":23340.66852972754},"StdDev":{"confidence_interval":{"confidence_level":0.95,"lower_bound":32010.27358268271,"upper_bound":91395.57915012742},"point_estimate":73662.14136032548,"standard_error":15199.311562021727}}