{"Mean":{"confidence_interval":{"confidence_level":0.95,"lower_bound":769639.9594150592,"upper_bound":788322.9775870811},"point_estimate":779447.7390737067,"standard_error":4789.21333036299},"Median":{"confidence_interval":{"confidence_level":0.95,"lower_bound":767318.3302469136,"upper_bound":790088.6689814815},"point_estimate":785307.0822916667,"standard_error":6247.6173883945585},"MedianAbsDev":{"confidence_interval":{"confidence_level":0.95,"lower_bound":1144.1981884595475,"upper_bound":26670.123308061542},"point_estimate":13164.407085112218,"standard_error":6510.500095552952},"Slope":{"confidence_interval":{"confidence_level":0.95,"lower_bound":782194.1525921994,"upper_bound":792518.0345621726},"point_estimate":787702.1861231361,"standard_error":2624.941637089603},"StdDev":{"confidence_interval":{"confidence_level":0.95,"lower_bound":7858.796960594587,"upper_bound":20455.752770112696},"point_estimate":15940.046626097499,"standard_error":3233.957271975201}}