{"Mean":{"confidence_interval":{"confidence_level":0.95,"lower_bound":1039494.1054232026,"upper_bound":1043362.1865355391},"point_estimate":1041128.4237908497,"standard_error":1009.3697720533157},"Median":{"confidence_interval":{"confidence_level":0.95,"lower_bound":1039193.4080882353,"upper_bound":1041604.8522875817},"point_estimate":1040735.1556372549,"standard_error":658.6930646882759},"MedianAbsDev":{"confidence_interval":{"confidence_level":0.95,"lower_bound":401.3067450812668,"upper_bound":3530.7379495716896},"point_estimate":1496.7569865154053,"standard_error":809.4841694739638},"Slope":{"confidence_interval":{"confidence_level":0.95,"lower_bound":1039729.9839848983,"upper_bound":1043064.401208428},"point_estimate":1041243.9022154317,"standard_error":835.4696659640538},"StdDev":{"confidence_interval":{"confidence_level":0.95,"lower_bound":953.6233571250873,"upper_bound":4956.1929888565055},"point_estimate":3360.668337457571,"standard_error":1250.4902828565312}}