{"Mean":{"confidence_interval":{"confidence_level":0.95,"lower_bound":1012577.5821611395,"upper_bound":1015454.0483900227},"point_estimate":1014024.4996519275,"standard_error":738.461687230886},"Median":{"confidence_interval":{"confidence_level":0.95,"lower_bound":1011585.75,"upper_bound":1016706.4166666666},"point_estimate":1014200.1214285714,"standard_error":1382.4680874577411},"MedianAbsDev":{"confidence_interval":{"confidence_level":0.95,"lower_bound":292.1579233846444,"upper_bound":4143.951646430108},"point_estimate":3593.6779591994555,"standard_error":987.8021374355114},"Slope":{"confidence_interval":{"confidence_level":0.95,"lower_bound":1012583.7214658385,"upper_bound":1015916.1362707816},"point_estimate":1014291.4657884972,"standard_error":838.8040126529696},"StdDev":{"confidence_interval":{"confidence_level":0.95,"lower_bound":1614.8279980447053,"upper_bound":2845.4398343464854},"point_estimate":2462.47445480798,"standard_error":315.61518766171724}}