{"Mean":{"confidence_interval":{"confidence_level":0.95,"lower_bound":4715494.938694279,"upper_bound":4746735.794675926},"point_estimate":4731296.200465167,"standard_error":8001.168416227176},"Median":{"confidence_interval":{"confidence_level":0.95,"lower_bound":4712099.84845679,"upper_bound":4754608.5},"point_estimate":4728471.043981481,"standard_error":11285.559704404388},"MedianAbsDev":{"confidence_interval":{"confidence_level":0.95,"lower_bound":4515.329146689263,"upper_bound":45613.1273990015},"point_estimate":33289.83100537634,"standard_error":10532.073853988402},"Slope":{"confidence_interval":{"confidence_level":0.95,"lower_bound":4704105.85586539,"upper_bound":4730797.743879473},"point_estimate":4715001.543290043,"standard_error":6806.213933216947},"StdDev":{"confidence_interval":{"confidence_level":0.95,"lower_bound":15708.520625334379,"upper_bound":33070.67938094077},"point_estimate":26609.58175665391,"standard_error":4485.310225318183}}