{"Mean":{"confidence_interval":{"confidence_level":0.95,"lower_bound":18302525.214892857,"upper_bound":18385036.65},"point_estimate":18346553.09904762,"standard_error":21144.448867668456},"Median":{"confidence_interval":{"confidence_level":0.95,"lower_bound":18292484.333333332,"upper_bound":18399708.833333332},"point_estimate":18379149.30357143,"standard_error":30440.535926552493},"MedianAbsDev":{"confidence_interval":{"confidence_level":0.95,"lower_bound":9331.96607932338,"upper_bound":116595.12133002096},"point_estimate":52091.44130019126,"standard_error":29472.79666353874},"Slope":{"confidence_interval":{"confidence_level":0.95,"lower_bound":18296130.826397084,"upper_bound":18406275.787894737},"point_estimate":18352251.928311687,"standard_error":29067.111021614186},"StdDev":{"confidence_interval":{"confidence_level":0.95,"lower_bound":32897.61237604624,"upper_bound":87587.69051376918},"point_estimate":70530.20489881696,"standard_error":13939.57657392939}}