{"Mean":{"confidence_interval":{"confidence_level":0.95,"lower_bound":985453.1819915965,"upper_bound":992659.8272941175},"point_estimate":989209.1227399625,"standard_error":1839.1560237723415},"Median":{"confidence_interval":{"confidence_level":0.95,"lower_bound":986109.6014705882,"upper_bound":993182.1294117647},"point_estimate":988951.23286648,"standard_error":1765.4941525864065},"MedianAbsDev":{"confidence_interval":{"confidence_level":0.95,"lower_bound":787.1624381819177,"upper_bound":9902.219379318101},"point_estimate":4697.161570304934,"standard_error":2246.0189301663772},"Slope":{"confidence_interval":{"confidence_level":0.95,"lower_bound":984121.936255121,"upper_bound":989956.4427440633},"point_estimate":986995.352330023,"standard_error":1461.8107717409068},"StdDev":{"confidence_interval":{"confidence_level":0.95,"lower_bound":2690.7141348062937,"upper_bound":8366.305700952908},"point_estimate":6105.057340232644,"standard_error":1493.7346555770207}}