{"Mean":{"confidence_interval":{"confidence_level":0.95,"lower_bound":1171200.973169402,"upper_bound":1186606.52345068},"point_estimate":1179029.7427046488,"standard_error":3774.7889506694214},"Median":{"confidence_interval":{"confidence_level":0.95,"lower_bound":1176337.2402380952,"upper_bound":1181706.6785714286},"point_estimate":1179481.359297052,"standard_error":1680.5508224630994},"MedianAbsDev":{"confidence_interval":{"confidence_level":0.95,"lower_bound":430.75559651925624,"upper_bound":19757.78647672923},"point_estimate":2601.561857563133,"standard_error":4046.144257688395},"Slope":{"confidence_interval":{"confidence_level":0.95,"lower_bound":1175777.814895651,"upper_bound":1180575.4190785405},"point_estimate":1178923.2169944341,"standard_error":1247.4505640985806},"StdDev":{"confidence_interval":{"confidence_level":0.95,"lower_bound":1872.4774205002932,"upper_bound":18079.750893514647},"point_estimate":12593.095533494597,"standard_error":4226.546470987477}}