{"Mean":{"confidence_interval":{"confidence_level":0.95,"lower_bound":8821393.291055162,"upper_bound":8868661.054856947},"point_estimate":8843942.683515875,"standard_error":12113.90843803135},"Median":{"confidence_interval":{"confidence_level":0.95,"lower_bound":8799992.433333334,"upper_bound":8862093.158333333},"point_estimate":8847073.212222222,"standard_error":15305.354744908063},"MedianAbsDev":{"confidence_interval":{"confidence_level":0.95,"lower_bound":1861.5057544511405,"upper_bound":75424.58850761243},"point_estimate":26768.43559909775,"standard_error":18160.123602120733},"Slope":{"confidence_interval":{"confidence_level":0.95,"lower_bound":8808474.598355457,"upper_bound":8848294.82191235},"point_estimate":8829817.376103897,"standard_error":10238.818959022137},"StdDev":{"confidence_interval":{"confidence_level":0.95,"lower_bound":20473.26031294451,"upper_bound":53894.37294515494},"point_estimate":40205.074980995465,"standard_error":9297.43846287592}}