{"Mean":{"confidence_interval":{"confidence_level":0.95,"lower_bound":1017086.7699635569,"upper_bound":1022227.7575696468},"point_estimate":1019855.7242695171,"standard_error":1320.6002949795463},"Median":{"confidence_interval":{"confidence_level":0.95,"lower_bound":1015890.0991253644,"upper_bound":1022661.357142857},"point_estimate":1021348.6530612245,"standard_error":1570.6979242552316},"MedianAbsDev":{"confidence_interval":{"confidence_level":0.95,"lower_bound":401.9930309584506,"upper_bound":6803.939802675328},"point_estimate":2618.132154539267,"standard_error":1632.0812350818733},"Slope":{"confidence_interval":{"confidence_level":0.95,"lower_bound":1020429.6252514403,"upper_bound":1023347.3720775667},"point_estimate":1022066.8425655976,"standard_error":729.7899230179567},"StdDev":{"confidence_interval":{"confidence_level":0.95,"lower_bound":1597.605140464334,"upper_bound":5553.017970963024},"point_estimate":4409.911163577668,"standard_error":999.7403187130866}}