{"Mean":{"confidence_interval":{"confidence_level":0.95,"lower_bound":13996957.55836848,"upper_bound":14172364.86122024},"point_estimate":14091562.969058957,"standard_error":44844.21589870631},"Median":{"confidence_interval":{"confidence_level":0.95,"lower_bound":14053917.542857142,"upper_bound":14180714.164285716},"point_estimate":14085811.69642857,"standard_error":34690.1620446945},"MedianAbsDev":{"confidence_interval":{"confidence_level":0.95,"lower_bound":7342.771696308576,"upper_bound":215067.63296607358},"point_estimate":58257.795215717255,"standard_error":52733.646324741014},"Slope":{"confidence_interval":{"confidence_level":0.95,"lower_bound":14047371.57327189,"upper_bound":14136112.578739455},"point_estimate":14087788.837847866,"standard_error":22399.909681235727},"StdDev":{"confidence_interval":{"confidence_level":0.95,"lower_bound":47417.6151094606,"upper_bound":213928.24754127173},"point_estimate":149482.91602414093,"standard_error":45164.54761366484}}