{"Mean":{"confidence_interval":{"confidence_level":0.95,"lower_bound":1022459.4786885246,"upper_bound":1026129.8256611533},"point_estimate":1024380.5163758782,"standard_error":943.3801263484896},"Median":{"confidence_interval":{"confidence_level":0.95,"lower_bound":1021264.2704918033,"upper_bound":1026905.0840163934},"point_estimate":1025545.7868852459,"standard_error":1490.343219271539},"MedianAbsDev":{"confidence_interval":{"confidence_level":0.95,"lower_bound":439.41242465795443,"upper_bound":5166.547548439236},"point_estimate":2919.7158981645825,"standard_error":1307.305412451235},"Slope":{"confidence_interval":{"confidence_level":0.95,"lower_bound":1023956.4710970523,"upper_bound":1026769.6550498834},"point_estimate":1025821.1042793272,"standard_error":728.5078000220767},"StdDev":{"confidence_interval":{"confidence_level":0.95,"lower_bound":1582.4645255496437,"upper_bound":3792.3082684797882},"point_estimate":3137.7148902895988,"standard_error":550.6061547622731}}