{"Mean":{"confidence_interval":{"confidence_level":0.95,"lower_bound":1022998.3891651003,"upper_bound":1025502.0980814015},"point_estimate":1024255.8142381997,"standard_error":638.5147788473062},"Median":{"confidence_interval":{"confidence_level":0.95,"lower_bound":1022641.7799707602,"upper_bound":1025933.9671052631},"point_estimate":1024227.4817904136,"standard_error":662.2276757169359},"MedianAbsDev":{"confidence_interval":{"confidence_level":0.95,"lower_bound":125.40003516411348,"upper_bound":3755.4879418355135},"point_estimate":1919.682475787196,"standard_error":1059.2564722483055},"Slope":{"confidence_interval":{"confidence_level":0.95,"lower_bound":1022954.0559855521,"upper_bound":1024609.829509389},"point_estimate":1023973.3667122351,"standard_error":422.22261973066736},"StdDev":{"confidence_interval":{"confidence_level":0.95,"lower_bound":1077.2943865941256,"upper_bound":2738.604965076711},"point_estimate":2124.780619862736,"standard_error":418.87906727598875}}