{"Mean":{"confidence_interval":{"confidence_level":0.95,"lower_bound":14961291.792871028,"upper_bound":15112740.164285714},"point_estimate":15038753.989841273,"standard_error":38846.95829171472},"Median":{"confidence_interval":{"confidence_level":0.95,"lower_bound":14891815.0,"upper_bound":15142730.876984127},"point_estimate":15102772.51111111,"standard_error":80302.22960742014},"MedianAbsDev":{"confidence_interval":{"confidence_level":0.95,"lower_bound":5361.73455480992,"upper_bound":196266.32094224484},"point_estimate":93863.902651918,"standard_error":58420.467034591755},"Slope":{"confidence_interval":{"confidence_level":0.95,"lower_bound":14949175.521021022,"upper_bound":15106093.488831615},"point_estimate":15023690.25974026,"standard_error":39637.25095650537},"StdDev":{"confidence_interval":{"confidence_level":0.95,"lower_bound":82906.9707148541,"upper_bound":144744.95817787308},"point_estimate":129326.74228695728,"standard_error":16452.318061062873}}