{"Mean":{"confidence_interval":{"confidence_level":0.95,"lower_bound":1945020.2467081978,"upper_bound":2085850.4955349027},"point_estimate":2031311.5804329005,"standard_error":38733.108232631195},"Median":{"confidence_interval":{"confidence_level":0.95,"lower_bound":2036513.2272727273,"upper_bound":2092598.0272727273},"point_estimate":2062371.4886363638,"standard_error":15552.399858492197},"MedianAbsDev":{"confidence_interval":{"confidence_level":0.95,"lower_bound":6282.258053808646,"upper_bound":78977.12342969418},"point_estimate":41575.6615018845,"standard_error":20268.59538922599},"Slope":{"confidence_interval":{"confidence_level":0.95,"lower_bound":1924697.871374629,"upper_bound":2071696.1837555887},"point_estimate":2021817.6538961038,"standard_error":39516.625626717556},"StdDev":{"confidence_interval":{"confidence_level":0.95,"lower_bound":20040.51311503458,"upper_bound":197371.139092121},"point_estimate":129023.42734206843,"standard_error":59373.28690660264}}