{"Mean":{"confidence_interval":{"confidence_level":0.95,"lower_bound":6146861.66931624,"upper_bound":6159944.820369505},"point_estimate":6153237.032924298,"standard_error":3347.2626810219813},"Median":{"confidence_interval":{"confidence_level":0.95,"lower_bound":6143827.503205128,"upper_bound":6163304.326923077},"point_estimate":6151196.419230769,"standard_error":5076.85450297124},"MedianAbsDev":{"confidence_interval":{"confidence_level":0.95,"lower_bound":2399.531034322832,"upper_bound":19031.3015602038},"point_estimate":11890.860454279447,"standard_error":4221.427622749936},"Slope":{"confidence_interval":{"confidence_level":0.95,"lower_bound":6148508.377089812,"upper_bound":6164281.287310225},"point_estimate":6156656.68971029,"standard_error":4028.9229719621917},"StdDev":{"confidence_interval":{"confidence_level":0.95,"lower_bound":6396.986178326089,"upper_bound":13525.527444924113},"point_estimate":11141.359631515545,"standard_error":1789.9647522377516}}