{"Mean":{"confidence_interval":{"confidence_level":0.95,"lower_bound":16203653.56431217,"upper_bound":16292649.969973544},"point_estimate":16245970.668386245,"standard_error":22931.63403181962},"Median":{"confidence_interval":{"confidence_level":0.95,"lower_bound":16188053.975000001,"upper_bound":16310910.226190476},"point_estimate":16229139.236111112,"standard_error":27861.168373798246},"MedianAbsDev":{"confidence_interval":{"confidence_level":0.95,"lower_bound":15702.257504561463,"upper_bound":135122.25245943162},"point_estimate":63827.355575169066,"standard_error":29439.986045006808},"Slope":{"confidence_interval":{"confidence_level":0.95,"lower_bound":16185632.00678733,"upper_bound":16296352.751234943},"point_estimate":16231400.629437229,"standard_error":28804.481782807736},"StdDev":{"confidence_interval":{"confidence_level":0.95,"lower_bound":36218.8774350752,"upper_bound":97024.90384140072},"point_estimate":76495.34476947582,"standard_error":15547.793344723787}}