{"Mean":{"confidence_interval":{"confidence_level":0.95,"lower_bound":1027057.9975231482,"upper_bound":1031840.7163436259},"point_estimate":1029439.1861218584,"standard_error":1218.9429184922292},"Median":{"confidence_interval":{"confidence_level":0.95,"lower_bound":1025882.5802083333,"upper_bound":1032643.4},"point_estimate":1029423.1265914352,"standard_error":1536.8193727074106},"MedianAbsDev":{"confidence_interval":{"confidence_level":0.95,"lower_bound":1038.2867260111095,"upper_bound":7522.923974514299},"point_estimate":3988.222757528233,"standard_error":1763.3450025652246},"Slope":{"confidence_interval":{"confidence_level":0.95,"lower_bound":1028682.8182260704,"upper_bound":1033096.0180377463},"point_estimate":1030397.4100649351,"standard_error":1131.7024036701869},"StdDev":{"confidence_interval":{"confidence_level":0.95,"lower_bound":2336.7675205745245,"upper_bound":5073.534656757046},"point_estimate":4062.6707655429227,"standard_error":705.1880365767396}}