{"Mean":{"confidence_interval":{"confidence_level":0.95,"lower_bound":1024533.4159430439,"upper_bound":1030139.9225570145},"point_estimate":1027372.3263106908,"standard_error":1440.1013691010971},"Median":{"confidence_interval":{"confidence_level":0.95,"lower_bound":1022138.1323529412,"upper_bound":1031598.3256302521},"point_estimate":1027659.0077205882,"standard_error":2345.942029604313},"MedianAbsDev":{"confidence_interval":{"confidence_level":0.95,"lower_bound":964.3549725852201,"upper_bound":8185.249674756266},"point_estimate":6407.573147541828,"standard_error":1894.9801061107246},"Slope":{"confidence_interval":{"confidence_level":0.95,"lower_bound":1026970.9245624929,"upper_bound":1030750.0171511228},"point_estimate":1028978.979526356,"standard_error":955.3880392430473},"StdDev":{"confidence_interval":{"confidence_level":0.95,"lower_bound":2952.1891897073383,"upper_bound":5720.547913386882},"point_estimate":4817.449161827005,"standard_error":697.4407229365216}}