{"Mean":{"confidence_interval":{"confidence_level":0.95,"lower_bound":14895855.344523812,"upper_bound":15038751.990092263},"point_estimate":14958812.067208996,"standard_error":36992.20063936349},"Median":{"confidence_interval":{"confidence_level":0.95,"lower_bound":14884750.55,"upper_bound":14989114.714285715},"point_estimate":14935361.800925925,"standard_error":24114.146721689805},"MedianAbsDev":{"confidence_interval":{"confidence_level":0.95,"lower_bound":473.3461243735701,"upper_bound":152998.39570873775},"point_estimate":45818.635333779595,"standard_error":38845.49693773944},"Slope":{"confidence_interval":{"confidence_level":0.95,"lower_bound":14873298.842481792,"upper_bound":14964265.752336448},"point_estimate":14918608.564069264,"standard_error":22918.575202462107},"StdDev":{"confidence_interval":{"confidence_level":0.95,"lower_bound":37664.07458110342,"upper_bound":177750.4510459661},"point_estimate":123047.61006762157,"standard_error":41126.679127294105}}