{"Mean":{"confidence_interval":{"confidence_level":0.95,"lower_bound":2208952.607792793,"upper_bound":2217148.5336432857},"point_estimate":2213243.4783730158,"standard_error":2101.3435643927164},"Median":{"confidence_interval":{"confidence_level":0.95,"lower_bound":2206098.67027027,"upper_bound":2218224.078828829},"point_estimate":2215260.758258258,"standard_error":2812.456146088363},"MedianAbsDev":{"confidence_interval":{"confidence_level":0.95,"lower_bound":1013.8265163476312,"upper_bound":11913.67067355737},"point_estimate":4653.686253079034,"standard_error":2915.3104282986405},"Slope":{"confidence_interval":{"confidence_level":0.95,"lower_bound":2212125.6074938574,"upper_bound":2218098.5656613675},"point_estimate":2215164.5585819585,"standard_error":1501.55380510602},"StdDev":{"confidence_interval":{"confidence_level":0.95,"lower_bound":3473.6143556468137,"upper_bound":8798.978444538594},"point_estimate":7027.306909777067,"standard_error":1321.1746098956512}}