{"Mean":{"confidence_interval":{"confidence_level":0.95,"lower_bound":18309561.609980952,"upper_bound":18454177.516619045},"point_estimate":18383986.12347619,"standard_error":36916.41950819332},"Median":{"confidence_interval":{"confidence_level":0.95,"lower_bound":18266219.8,"upper_bound":18503101.64},"point_estimate":18407969.625,"standard_error":65126.58923232053},"MedianAbsDev":{"confidence_interval":{"confidence_level":0.95,"lower_bound":27724.291923793415,"upper_bound":198351.95280555007},"point_estimate":149486.07895309164,"standard_error":45592.161106855594},"Slope":{"confidence_interval":{"confidence_level":0.95,"lower_bound":18291740.320677966,"upper_bound":18483034.53024911},"point_estimate":18378798.09194805,"standard_error":49904.195337363475},"StdDev":{"confidence_interval":{"confidence_level":0.95,"lower_bound":77070.12880233144,"upper_bound":145825.49430245408},"point_estimate":123044.16730638238,"standard_error":17637.94661060757}}