{"Mean":{"confidence_interval":{"confidence_level":0.95,"lower_bound":14033097.083333334,"upper_bound":14149737.670272106},"point_estimate":14095347.39217687,"standard_error":30029.377140244425},"Median":{"confidence_interval":{"confidence_level":0.95,"lower_bound":14031836.357142858,"upper_bound":14177432.80952381},"point_estimate":14114745.106122449,"standard_error":40670.26057799925},"MedianAbsDev":{"confidence_interval":{"confidence_level":0.95,"lower_bound":22135.67146415788,"upper_bound":165199.59868711987},"point_estimate":86323.96339744348,"standard_error":36436.43400863736},"Slope":{"confidence_interval":{"confidence_level":0.95,"lower_bound":13977656.311111111,"upper_bound":14145336.517564403},"point_estimate":14064444.166233767,"standard_error":42640.8891031082},"StdDev":{"confidence_interval":{"confidence_level":0.95,"lower_bound":48373.395709377386,"upper_bound":133127.9125846761},"point_estimate":100239.64302728734,"standard_error":23597.69363456133}}