{"Mean":{"confidence_interval":{"confidence_level":0.95,"lower_bound":15545651.409191137,"upper_bound":15622832.451794311},"point_estimate":15584638.125443121,"standard_error":19688.765404207385},"Median":{"confidence_interval":{"confidence_level":0.95,"lower_bound":15546359.694444444,"upper_bound":15626187.3},"point_estimate":15583248.19642857,"standard_error":17947.129766431728},"MedianAbsDev":{"confidence_interval":{"confidence_level":0.95,"lower_bound":11103.455952875041,"upper_bound":110046.3331046216},"point_estimate":43723.45878208754,"standard_error":24811.208723606396},"Slope":{"confidence_interval":{"confidence_level":0.95,"lower_bound":15518243.114125509,"upper_bound":15597889.69271445},"point_estimate":15560851.114285715,"standard_error":20528.34361025492},"StdDev":{"confidence_interval":{"confidence_level":0.95,"lower_bound":25628.05647312677,"upper_bound":90067.11110630237},"point_estimate":65542.72994973957,"standard_error":16043.220906666798}}