{"Mean":{"confidence_interval":{"confidence_level":0.95,"lower_bound":1012993.2714558601,"upper_bound":1018748.3579301363},"point_estimate":1015749.5024675833,"standard_error":1479.0893508536506},"Median":{"confidence_interval":{"confidence_level":0.95,"lower_bound":1012230.5971830986,"upper_bound":1019532.7112676057},"point_estimate":1014844.4433685446,"standard_error":1664.8560368271937},"MedianAbsDev":{"confidence_interval":{"confidence_level":0.95,"lower_bound":845.9334731859351,"upper_bound":8854.520337871218},"point_estimate":4503.6031046929675,"standard_error":2008.2897345357424},"Slope":{"confidence_interval":{"confidence_level":0.95,"lower_bound":1013734.5818015754,"upper_bound":1020486.1777188248},"point_estimate":1017377.621108469,"standard_error":1737.6671068482976},"StdDev":{"confidence_interval":{"confidence_level":0.95,"lower_bound":2314.0840598642562,"upper_bound":6227.227454754005},"point_estimate":4925.110906323456,"standard_error":972.6872253609681}}