{"Mean":{"confidence_interval":{"confidence_level":0.95,"lower_bound":1016926.5762822016,"upper_bound":1021428.8012932604},"point_estimate":1019264.0383769192,"standard_error":1151.3645117788642},"Median":{"confidence_interval":{"confidence_level":0.95,"lower_bound":1015806.1834016393,"upper_bound":1022246.0564663024},"point_estimate":1020183.6467213114,"standard_error":1758.1298498786362},"MedianAbsDev":{"confidence_interval":{"confidence_level":0.95,"lower_bound":553.7273253606575,"upper_bound":6674.586090518816},"point_estimate":3544.1375484998634,"standard_error":1623.4795654274506},"Slope":{"confidence_interval":{"confidence_level":0.95,"lower_bound":1015175.0859744417,"upper_bound":1021158.8049194762},"point_estimate":1018082.6892484565,"standard_error":1601.9019746369158},"StdDev":{"confidence_interval":{"confidence_level":0.95,"lower_bound":2015.8736774190922,"upper_bound":4671.910252442863},"point_estimate":3837.2165240241197,"standard_error":671.0593895913603}}